-- MySQL dump 10.13  Distrib 5.7.17, for Linux (x86_64)
--
-- Host: localhost    Database: jpetstore
-- ------------------------------------------------------
-- Server version	5.7.17-1

/*!40101 SET @OLD_CHARACTER_SET_CLIENT=@@CHARACTER_SET_CLIENT */;
/*!40101 SET @OLD_CHARACTER_SET_RESULTS=@@CHARACTER_SET_RESULTS */;
/*!40101 SET @OLD_COLLATION_CONNECTION=@@COLLATION_CONNECTION */;
/*!40101 SET NAMES utf8 */;
/*!40103 SET @OLD_TIME_ZONE=@@TIME_ZONE */;
/*!40103 SET TIME_ZONE='+00:00' */;
/*!40014 SET @OLD_UNIQUE_CHECKS=@@UNIQUE_CHECKS, UNIQUE_CHECKS=0 */;
/*!40014 SET @OLD_FOREIGN_KEY_CHECKS=@@FOREIGN_KEY_CHECKS, FOREIGN_KEY_CHECKS=0 */;
/*!40101 SET @OLD_SQL_MODE=@@SQL_MODE, SQL_MODE='NO_AUTO_VALUE_ON_ZERO' */;
/*!40111 SET @OLD_SQL_NOTES=@@SQL_NOTES, SQL_NOTES=0 */;

--
-- Table structure for table `account`
--

DROP TABLE IF EXISTS `account`;
/*!40101 SET @saved_cs_client     = @@character_set_client */;
/*!40101 SET character_set_client = utf8 */;
CREATE TABLE `account` (
  `userid` varchar(80) NOT NULL,
  `email` varchar(80) NOT NULL,
  `firstname` varchar(80) NOT NULL,
  `lastname` varchar(80) NOT NULL,
  `status` varchar(2) DEFAULT NULL,
  `addr1` varchar(80) NOT NULL,
  `addr2` varchar(40) DEFAULT NULL,
  `city` varchar(80) NOT NULL,
  `state` varchar(80) NOT NULL,
  `zip` varchar(20) NOT NULL,
  `country` varchar(20) NOT NULL,
  `phone` varchar(80) NOT NULL,
  `admin` int(11) DEFAULT '0',
  PRIMARY KEY (`userid`)
) ENGINE=InnoDB DEFAULT CHARSET=utf8;
/*!40101 SET character_set_client = @saved_cs_client */;

--
-- Dumping data for table `account`
--

LOCK TABLES `account` WRITE;
/*!40000 ALTER TABLE `account` DISABLE KEYS */;
INSERT INTO `account` VALUES ('admin','admin','admin','admin',NULL,'admin','admin','admin','admin','admin','admin','admin',1),('ha','ha','ha','ha',NULL,'ha','ha','ha','ha','ha','ha','ha',0),('test','test','test','test',NULL,'test','test','test','test','test','test','test',0);
/*!40000 ALTER TABLE `account` ENABLE KEYS */;
UNLOCK TABLES;

--
-- Table structure for table `bannerdata`
--

DROP TABLE IF EXISTS `bannerdata`;
/*!40101 SET @saved_cs_client     = @@character_set_client */;
/*!40101 SET character_set_client = utf8 */;
CREATE TABLE `bannerdata` (
  `favcategory` varchar(80) NOT NULL,
  `bannername` varchar(255) DEFAULT NULL,
  PRIMARY KEY (`favcategory`)
) ENGINE=InnoDB DEFAULT CHARSET=utf8;
/*!40101 SET character_set_client = @saved_cs_client */;

--
-- Dumping data for table `bannerdata`
--

LOCK TABLES `bannerdata` WRITE;
/*!40000 ALTER TABLE `bannerdata` DISABLE KEYS */;
INSERT INTO `bannerdata` VALUES ('BIRDS','<image src=\"../images/banner_birds.gif\">'),('CATS','<image src=\"../images/banner_cats.gif\">'),('DOGS','<image src=\"../images/banner_dogs.gif\">'),('FISH','<image src=\"../images/banner_fish.gif\">'),('REPTILES','<image src=\"../images/banner_reptiles.gif\">');
/*!40000 ALTER TABLE `bannerdata` ENABLE KEYS */;
UNLOCK TABLES;

--
-- Table structure for table `category`
--

DROP TABLE IF EXISTS `category`;
/*!40101 SET @saved_cs_client     = @@character_set_client */;
/*!40101 SET character_set_client = utf8 */;
CREATE TABLE `category` (
  `catid` varchar(10) NOT NULL,
  `name` varchar(80) DEFAULT NULL,
  `descn` varchar(255) DEFAULT NULL,
  PRIMARY KEY (`catid`)
) ENGINE=InnoDB DEFAULT CHARSET=utf8;
/*!40101 SET character_set_client = @saved_cs_client */;

--
-- Dumping data for table `category`
--

LOCK TABLES `category` WRITE;
/*!40000 ALTER TABLE `category` DISABLE KEYS */;
INSERT INTO `category` VALUES ('BIRDS','Birds','<image src=\"../images/birds_icon.gif\"><font size=\"5\" color=\"blue\"> Birds</font>'),('CATS','Cats','<image src=\"../images/cats_icon.gif\"><font size=\"5\" color=\"blue\"> Cats</font>'),('DOGS','Dogs','<image src=\"../images/dogs_icon.gif\"><font size=\"5\" color=\"blue\"> Dogs</font>'),('FISH','Fish','<image src=\"../images/fish_icon.gif\"><font size=\"5\" color=\"blue\"> Fish</font>'),('REPTILES','Reptiles','<image src=\"../images/reptiles_icon.gif\"><font size=\"5\" color=\"blue\"> Reptiles</font>');
/*!40000 ALTER TABLE `category` ENABLE KEYS */;
UNLOCK TABLES;

--
-- Table structure for table `inventory`
--

DROP TABLE IF EXISTS `inventory`;
/*!40101 SET @saved_cs_client     = @@character_set_client */;
/*!40101 SET character_set_client = utf8 */;
CREATE TABLE `inventory` (
  `itemid` varchar(10) NOT NULL,
  `qty` int(11) NOT NULL,
  PRIMARY KEY (`itemid`)
) ENGINE=InnoDB DEFAULT CHARSET=utf8;
/*!40101 SET character_set_client = @saved_cs_client */;

--
-- Dumping data for table `inventory`
--

LOCK TABLES `inventory` WRITE;
/*!40000 ALTER TABLE `inventory` DISABLE KEYS */;
INSERT INTO `inventory` VALUES ('EST-1',10000),('EST-10',10000),('EST-11',10000),('EST-12',10000),('EST-13',10000),('EST-14',10000),('EST-15',10000),('EST-16',10000),('EST-17',10000),('EST-18',10000),('EST-19',10000),('EST-2',10000),('EST-20',10000),('EST-21',10000),('EST-22',10000),('EST-23',10000),('EST-24',10000),('EST-25',10000),('EST-26',10000),('EST-27',10000),('EST-28',10000),('EST-3',10000),('EST-4',10000),('EST-5',10000),('EST-6',10000),('EST-7',10000),('EST-8',10000),('EST-9',10000);
/*!40000 ALTER TABLE `inventory` ENABLE KEYS */;
UNLOCK TABLES;

--
-- Table structure for table `item`
--

DROP TABLE IF EXISTS `item`;
/*!40101 SET @saved_cs_client     = @@character_set_client */;
/*!40101 SET character_set_client = utf8 */;
CREATE TABLE `item` (
  `itemid` varchar(10) NOT NULL,
  `productid` varchar(10) NOT NULL,
  `listprice` decimal(10,2) DEFAULT NULL,
  `unitcost` decimal(10,2) DEFAULT NULL,
  `supplier` int(11) DEFAULT NULL,
  `status` varchar(2) DEFAULT NULL,
  `attr1` varchar(80) DEFAULT NULL,
  `attr2` varchar(80) DEFAULT NULL,
  `attr3` varchar(80) DEFAULT NULL,
  `attr4` varchar(80) DEFAULT NULL,
  `attr5` varchar(80) DEFAULT NULL,
  PRIMARY KEY (`itemid`),
  KEY `fk_item_2` (`supplier`),
  KEY `itemProd` (`productid`),
  CONSTRAINT `fk_item_1` FOREIGN KEY (`productid`) REFERENCES `product` (`productid`),
  CONSTRAINT `fk_item_2` FOREIGN KEY (`supplier`) REFERENCES `supplier` (`suppid`)
) ENGINE=InnoDB DEFAULT CHARSET=utf8;
/*!40101 SET character_set_client = @saved_cs_client */;

--
-- Dumping data for table `item`
--

LOCK TABLES `item` WRITE;
/*!40000 ALTER TABLE `item` DISABLE KEYS */;
INSERT INTO `item` VALUES ('EST-1','FI-SW-01',16.50,10.00,1,'P','Large',NULL,NULL,NULL,NULL),('EST-10','K9-DL-01',18.50,12.00,1,'P','Spotted Adult Female',NULL,NULL,NULL,NULL),('EST-11','RP-SN-01',18.50,12.00,1,'P','Venomless',NULL,NULL,NULL,NULL),('EST-12','RP-SN-01',18.50,12.00,1,'P','Rattleless',NULL,NULL,NULL,NULL),('EST-13','RP-LI-02',18.50,12.00,1,'P','Green Adult',NULL,NULL,NULL,NULL),('EST-14','FL-DSH-01',58.50,12.00,1,'P','Tailless',NULL,NULL,NULL,NULL),('EST-15','FL-DSH-01',23.50,12.00,1,'P','With tail',NULL,NULL,NULL,NULL),('EST-16','FL-DLH-02',93.50,12.00,1,'P','Adult Female',NULL,NULL,NULL,NULL),('EST-17','FL-DLH-02',93.50,12.00,1,'P','Adult Male',NULL,NULL,NULL,NULL),('EST-18','AV-CB-01',193.50,92.00,1,'P','Adult Male',NULL,NULL,NULL,NULL),('EST-19','AV-SB-02',15.50,2.00,1,'P','Adult Male',NULL,NULL,NULL,NULL),('EST-2','FI-SW-01',16.50,10.00,1,'P','Small',NULL,NULL,NULL,NULL),('EST-20','FI-FW-02',5.50,2.00,1,'P','Adult Male',NULL,NULL,NULL,NULL),('EST-21','FI-FW-02',5.29,1.00,1,'P','Adult Female',NULL,NULL,NULL,NULL),('EST-22','K9-RT-02',135.50,100.00,1,'P','Adult Male',NULL,NULL,NULL,NULL),('EST-23','K9-RT-02',145.49,100.00,1,'P','Adult Female',NULL,NULL,NULL,NULL),('EST-24','K9-RT-02',255.50,92.00,1,'P','Adult Male',NULL,NULL,NULL,NULL),('EST-25','K9-RT-02',325.29,90.00,1,'P','Adult Female',NULL,NULL,NULL,NULL),('EST-26','K9-CW-01',125.50,92.00,1,'P','Adult Male',NULL,NULL,NULL,NULL),('EST-27','K9-CW-01',155.29,90.00,1,'P','Adult Female',NULL,NULL,NULL,NULL),('EST-28','K9-RT-01',155.29,90.00,1,'P','Adult Female',NULL,NULL,NULL,NULL),('EST-3','FI-SW-02',18.50,12.00,1,'P','Toothless',NULL,NULL,NULL,NULL),('EST-4','FI-FW-01',18.50,12.00,1,'P','Spotted',NULL,NULL,NULL,NULL),('EST-5','FI-FW-01',18.50,12.00,1,'P','Spotless',NULL,NULL,NULL,NULL),('EST-6','K9-BD-01',18.50,12.00,1,'P','Male Adult',NULL,NULL,NULL,NULL),('EST-7','K9-BD-01',18.50,12.00,1,'P','Female Puppy',NULL,NULL,NULL,NULL),('EST-8','K9-PO-02',18.50,12.00,1,'P','Male Puppy',NULL,NULL,NULL,NULL),('EST-9','K9-DL-01',18.50,12.00,1,'P','Spotless Male Puppy',NULL,NULL,NULL,NULL);
/*!40000 ALTER TABLE `item` ENABLE KEYS */;
UNLOCK TABLES;

--
-- Table structure for table `lineitem`
--

DROP TABLE IF EXISTS `lineitem`;
/*!40101 SET @saved_cs_client     = @@character_set_client */;
/*!40101 SET character_set_client = utf8 */;
CREATE TABLE `lineitem` (
  `orderid` int(11) NOT NULL,
  `linenum` int(11) NOT NULL,
  `itemid` varchar(10) NOT NULL,
  `quantity` int(11) NOT NULL,
  `unitprice` decimal(10,2) NOT NULL,
  PRIMARY KEY (`orderid`,`linenum`)
) ENGINE=InnoDB DEFAULT CHARSET=utf8;
/*!40101 SET character_set_client = @saved_cs_client */;

--
-- Dumping data for table `lineitem`
--

LOCK TABLES `lineitem` WRITE;
/*!40000 ALTER TABLE `lineitem` DISABLE KEYS */;
/*!40000 ALTER TABLE `lineitem` ENABLE KEYS */;
UNLOCK TABLES;

--
-- Table structure for table `orders`
--

DROP TABLE IF EXISTS `orders`;
/*!40101 SET @saved_cs_client     = @@character_set_client */;
/*!40101 SET character_set_client = utf8 */;
CREATE TABLE `orders` (
  `orderid` int(11) NOT NULL,
  `userid` varchar(80) NOT NULL,
  `orderdate` date NOT NULL,
  `shipaddr1` varchar(80) NOT NULL,
  `shipaddr2` varchar(80) DEFAULT NULL,
  `shipcity` varchar(80) NOT NULL,
  `shipstate` varchar(80) NOT NULL,
  `shipzip` varchar(20) NOT NULL,
  `shipcountry` varchar(20) NOT NULL,
  `billaddr1` varchar(80) NOT NULL,
  `billaddr2` varchar(80) DEFAULT NULL,
  `billcity` varchar(80) NOT NULL,
  `billstate` varchar(80) NOT NULL,
  `billzip` varchar(20) NOT NULL,
  `billcountry` varchar(20) NOT NULL,
  `courier` varchar(80) NOT NULL,
  `totalprice` decimal(10,2) NOT NULL,
  `billtofirstname` varchar(80) NOT NULL,
  `billtolastname` varchar(80) NOT NULL,
  `shiptofirstname` varchar(80) NOT NULL,
  `shiptolastname` varchar(80) NOT NULL,
  `creditcard` varchar(80) NOT NULL,
  `exprdate` varchar(7) NOT NULL,
  `cardtype` varchar(80) NOT NULL,
  `locale` varchar(80) NOT NULL,
  PRIMARY KEY (`orderid`)
) ENGINE=InnoDB DEFAULT CHARSET=utf8;
/*!40101 SET character_set_client = @saved_cs_client */;

--
-- Dumping data for table `orders`
--

LOCK TABLES `orders` WRITE;
/*!40000 ALTER TABLE `orders` DISABLE KEYS */;
/*!40000 ALTER TABLE `orders` ENABLE KEYS */;
UNLOCK TABLES;

--
-- Table structure for table `orderstatus`
--

DROP TABLE IF EXISTS `orderstatus`;
/*!40101 SET @saved_cs_client     = @@character_set_client */;
/*!40101 SET character_set_client = utf8 */;
CREATE TABLE `orderstatus` (
  `orderid` int(11) NOT NULL,
  `linenum` int(11) NOT NULL,
  `timestamp` date NOT NULL,
  `status` varchar(2) NOT NULL,
  PRIMARY KEY (`orderid`,`linenum`)
) ENGINE=InnoDB DEFAULT CHARSET=utf8;
/*!40101 SET character_set_client = @saved_cs_client */;

--
-- Dumping data for table `orderstatus`
--

LOCK TABLES `orderstatus` WRITE;
/*!40000 ALTER TABLE `orderstatus` DISABLE KEYS */;
/*!40000 ALTER TABLE `orderstatus` ENABLE KEYS */;
UNLOCK TABLES;

--
-- Table structure for table `product`
--

DROP TABLE IF EXISTS `product`;
/*!40101 SET @saved_cs_client     = @@character_set_client */;
/*!40101 SET character_set_client = utf8 */;
CREATE TABLE `product` (
  `productid` varchar(10) NOT NULL,
  `category` varchar(10) NOT NULL,
  `name` varchar(80) DEFAULT NULL,
  `descn` varchar(255) DEFAULT NULL,
  PRIMARY KEY (`productid`),
  KEY `productCat` (`category`),
  KEY `productName` (`name`),
  CONSTRAINT `fk_product_1` FOREIGN KEY (`category`) REFERENCES `category` (`catid`)
) ENGINE=InnoDB DEFAULT CHARSET=utf8;
/*!40101 SET character_set_client = @saved_cs_client */;

--
-- Dumping data for table `product`
--

LOCK TABLES `product` WRITE;
/*!40000 ALTER TABLE `product` DISABLE KEYS */;
INSERT INTO `product` VALUES ('AV-CB-01','BIRDS','Amazon Parrot','<image src=\"../images/bird2.gif\">Great companion for up to 75 years'),('AV-SB-02','BIRDS','Finch','<image src=\"../images/bird1.gif\">Great stress reliever'),('FI-FW-01','FISH','Koi','<image src=\"../images/fish3.gif\">Fresh Water fish from Japan'),('FI-FW-02','FISH','Goldfish','<image src=\"../images/fish2.gif\">Fresh Water fish from China'),('FI-SW-01','FISH','Angelfish','<image src=\"../images/fish1.gif\">Salt Water fish from Australia'),('FI-SW-02','FISH','Tiger Shark','<image src=\"../images/fish4.gif\">Salt Water fish from Australia'),('FL-DLH-02','CATS','Persian','<image src=\"../images/cat1.gif\">Friendly house cat, doubles as a princess'),('FL-DSH-01','CATS','Manx','<image src=\"../images/cat2.gif\">Great for reducing mouse populations'),('K9-BD-01','DOGS','Bulldog','<image src=\"../images/dog2.gif\">Friendly dog from England'),('K9-CW-01','DOGS','Chihuahua','<image src=\"../images/dog4.gif\">Great companion dog'),('K9-DL-01','DOGS','Dalmation','<image src=\"../images/dog5.gif\">Great dog for a Fire Station'),('K9-PO-02','DOGS','Poodle','<image src=\"../images/dog6.gif\">Cute dog from France'),('K9-RT-01','DOGS','Golden Retriever','<image src=\"../images/dog1.gif\">Great family dog'),('K9-RT-02','DOGS','Labrador Retriever','<image src=\"../images/dog5.gif\">Great hunting dog'),('RP-LI-02','REPTILES','Iguana','<image src=\"../images/lizard1.gif\">Friendly green friend'),('RP-SN-01','REPTILES','Rattlesnake','<image src=\"../images/snake1.gif\">Doubles as a watch dog');
/*!40000 ALTER TABLE `product` ENABLE KEYS */;
UNLOCK TABLES;

--
-- Table structure for table `profile`
--

DROP TABLE IF EXISTS `profile`;
/*!40101 SET @saved_cs_client     = @@character_set_client */;
/*!40101 SET character_set_client = utf8 */;
CREATE TABLE `profile` (
  `userid` varchar(80) NOT NULL,
  `langpref` varchar(80) NOT NULL,
  `favcategory` varchar(30) DEFAULT NULL,
  `mylistopt` tinyint(1) DEFAULT NULL,
  `banneropt` tinyint(1) DEFAULT NULL,
  PRIMARY KEY (`userid`)
) ENGINE=InnoDB DEFAULT CHARSET=utf8;
/*!40101 SET character_set_client = @saved_cs_client */;

--
-- Dumping data for table `profile`
--

LOCK TABLES `profile` WRITE;
/*!40000 ALTER TABLE `profile` DISABLE KEYS */;
INSERT INTO `profile` VALUES ('ACID','english','CATS',1,1),('admin','english','FISH',1,1),('ha','japanese','REPTILES',1,1),('j2ee','english','DOGS',1,1),('test','english','FISH',1,1);
/*!40000 ALTER TABLE `profile` ENABLE KEYS */;
UNLOCK TABLES;

--
-- Table structure for table `sequence`
--

DROP TABLE IF EXISTS `sequence`;
/*!40101 SET @saved_cs_client     = @@character_set_client */;
/*!40101 SET character_set_client = utf8 */;
CREATE TABLE `sequence` (
  `name` varchar(30) NOT NULL,
  `nextid` int(11) NOT NULL,
  PRIMARY KEY (`name`)
) ENGINE=InnoDB DEFAULT CHARSET=utf8;
/*!40101 SET character_set_client = @saved_cs_client */;

--
-- Dumping data for table `sequence`
--

LOCK TABLES `sequence` WRITE;
/*!40000 ALTER TABLE `sequence` DISABLE KEYS */;
INSERT INTO `sequence` VALUES ('ordernum',1000);
/*!40000 ALTER TABLE `sequence` ENABLE KEYS */;
UNLOCK TABLES;

--
-- Table structure for table `signon`
--

DROP TABLE IF EXISTS `signon`;
/*!40101 SET @saved_cs_client     = @@character_set_client */;
/*!40101 SET character_set_client = utf8 */;
CREATE TABLE `signon` (
  `username` varchar(25) NOT NULL,
  `password` varchar(25) NOT NULL,
  PRIMARY KEY (`username`)
) ENGINE=InnoDB DEFAULT CHARSET=utf8;
/*!40101 SET character_set_client = @saved_cs_client */;

--
-- Dumping data for table `signon`
--

LOCK TABLES `signon` WRITE;
/*!40000 ALTER TABLE `signon` DISABLE KEYS */;
INSERT INTO `signon` VALUES ('ACID','ACID'),('admin','admin'),('ha','ha'),('j2ee','j2ee'),('test','test');
/*!40000 ALTER TABLE `signon` ENABLE KEYS */;
UNLOCK TABLES;

--
-- Table structure for table `supplier`
--

DROP TABLE IF EXISTS `supplier`;
/*!40101 SET @saved_cs_client     = @@character_set_client */;
/*!40101 SET character_set_client = utf8 */;
CREATE TABLE `supplier` (
  `suppid` int(11) NOT NULL,
  `name` varchar(80) DEFAULT NULL,
  `status` varchar(2) NOT NULL,
  `addr1` varchar(80) DEFAULT NULL,
  `addr2` varchar(80) DEFAULT NULL,
  `city` varchar(80) DEFAULT NULL,
  `state` varchar(80) DEFAULT NULL,
  `zip` varchar(5) DEFAULT NULL,
  `phone` varchar(80) DEFAULT NULL,
  PRIMARY KEY (`suppid`)
) ENGINE=InnoDB DEFAULT CHARSET=utf8;
/*!40101 SET character_set_client = @saved_cs_client */;

--
-- Dumping data for table `supplier`
--

LOCK TABLES `supplier` WRITE;
/*!40000 ALTER TABLE `supplier` DISABLE KEYS */;
INSERT INTO `supplier` VALUES (1,'XYZ Pets','AC','600 Avon Way','','Los Angeles','CA','94024','212-947-0797'),(2,'ABC Pets','AC','700 Abalone Way','','San Francisco ','CA','94024','415-947-0797');
/*!40000 ALTER TABLE `supplier` ENABLE KEYS */;
UNLOCK TABLES;

--
-- Table structure for table `vieweditem`
--

DROP TABLE IF EXISTS `vieweditem`;
/*!40101 SET @saved_cs_client     = @@character_set_client */;
/*!40101 SET character_set_client = utf8 */;
CREATE TABLE `vieweditem` (
  `id` int(11) NOT NULL AUTO_INCREMENT,
  `username` varchar(45) DEFAULT NULL,
  `itemid` varchar(45) NOT NULL,
  `datetime` datetime NOT NULL,
  PRIMARY KEY (`id`)
) ENGINE=InnoDB AUTO_INCREMENT=10 DEFAULT CHARSET=latin1;
/*!40101 SET character_set_client = @saved_cs_client */;

--
-- Dumping data for table `vieweditem`
--

LOCK TABLES `vieweditem` WRITE;
/*!40000 ALTER TABLE `vieweditem` DISABLE KEYS */;
INSERT INTO `vieweditem` VALUES (1,'j2ee','EST-4','2017-05-09 08:17:52'),(2,'j2ee','EST-6','2017-05-09 08:19:53'),(3,'j2ee','EST-18','2017-05-09 08:21:10'),(4,'j2ee','EST-18','2017-05-09 08:24:21'),(5,'j2ee','EST-18','2017-05-09 08:27:41'),(6,'j2ee','EST-6','2017-05-09 08:41:50'),(7,'j2ee','EST-18','2017-05-09 08:42:17'),(8,'j2ee','EST-18','2017-05-09 09:05:54'),(9,'admin','EST-16','2017-05-09 09:09:10');
/*!40000 ALTER TABLE `vieweditem` ENABLE KEYS */;
UNLOCK TABLES;
/*!40103 SET TIME_ZONE=@OLD_TIME_ZONE */;

/*!40101 SET SQL_MODE=@OLD_SQL_MODE */;
/*!40014 SET FOREIGN_KEY_CHECKS=@OLD_FOREIGN_KEY_CHECKS */;
/*!40014 SET UNIQUE_CHECKS=@OLD_UNIQUE_CHECKS */;
/*!40101 SET CHARACTER_SET_CLIENT=@OLD_CHARACTER_SET_CLIENT */;
/*!40101 SET CHARACTER_SET_RESULTS=@OLD_CHARACTER_SET_RESULTS */;
/*!40101 SET COLLATION_CONNECTION=@OLD_COLLATION_CONNECTION */;
/*!40111 SET SQL_NOTES=@OLD_SQL_NOTES */;

-- Dump completed on 2017-07-09 16:18:14
